{"cameraMode":{"drawMode":0,"name":"Shaded","section":"Shading Mode"},"sceneLighting":true,"audioPlay":false,"sceneViewState":{"m_AlwaysRefresh":false,"showFog":true,"showSkybox":true,"showFlares":true,"showImageEffects":true,"showParticleSystems":true,"showVisualEffectGraphs":true,"m_FxEnabled":true},"in2DMode":false,"pivot":{"x":-0.5600001811981201,"y":0.1499999761581421,"z":-0.03999987989664078},"rotation":{"x":-0.2457684576511383,"y":-0.16993394494056703,"z":0.04381010681390762,"w":-0.953316330909729},"size":3.0083208084106447,"orthographic":false}