{"cameraMode":{"drawMode":0,"name":"Shaded","section":"Shading Mode"},"sceneLighting":true,"audioPlay":false,"sceneViewState":{"m_AlwaysRefresh":true,"showFog":true,"showSkybox":true,"showFlares":true,"showImageEffects":true,"showParticleSystems":true,"showVisualEffectGraphs":true,"m_FxEnabled":true},"in2DMode":false,"pivot":{"x":3.1384177207946779,"y":-9.170291900634766,"z":-16.088106155395509},"rotation":{"x":0.03757958859205246,"y":0.9501846432685852,"z":-0.28240692615509035,"w":0.12644466757774354},"size":23.464052200317384,"orthographic":false}