{"cameraMode":{"drawMode":0,"name":"Shaded","section":"Shading Mode"},"sceneLighting":false,"audioPlay":false,"sceneViewState":{"m_AlwaysRefresh":true,"showFog":true,"showSkybox":false,"showFlares":true,"showImageEffects":true,"showParticleSystems":true,"showVisualEffectGraphs":true,"m_FxEnabled":true},"in2DMode":false,"pivot":{"x":-0.005000054836273193,"y":-0.008999943733215332,"z":5.246234893798828},"rotation":{"x":0.2697232961654663,"y":-0.40817534923553469,"z":0.1276068389415741,"w":0.8627655506134033},"size":5.8694167137146,"orthographic":false}